category_large,category_medium,category_small,class,data_id,name,price
과자,비스킷,쿠키,100003,0,티포녹차쿠키,1200
과자,캔디,젤리,100004,1,베베토 쿨빈스사워믹스 12개입,1000
과자,캔디,소프트캔디,100005,2,스타트레이딩 마오암 블럭스 캐러멜 110G,1900
과자,캔디,소프트캔디,100006,3,스타트레이딩 마오암 시우어 110G,1600
과자,스낵,과일스낵,100007,4,산들 새콤달콤 동결 건조딸기칩 20G,800
과자,캔디,젤리,100008,5,오리지날 젤리빈스위트센세이션 200G,1100
과자,캔디,젤리,100009,6,트롤리키스100G,1500
과자,캔디,젤리,100010,7,이농스푸드 흠반점 101G,1400
과자,견과류,아몬드,100011,8,허니버터아몬드130G,1500
과자,캔디,소프트캔디,100012,9,머쉬멜로우과일향젤리머쉬멜로우110G,1000
과자,캔디,소프트캔디,100013,10,이클립스민트향34G,1200
과자,캔디,소프트캔디,100014,11,이클립스스트로베리향34G,1500
과자,스낵,옥수수스낵,100015,12,칸츄리콘90G,1600
과자,캔디,젤리,100016,13,트롤리다이노렉스200g,1800
과자,캔디,젤리,100017,14,하리보골드바렌175G,1400
과자,캔디,젤리,100018,15,하리보피치컵175G,1100
과자,비스킷,스틱과자,100019,16,자가비 90G,1300
과자,캔디,소프트캔디,100020,17,이클립스스피어민트향34G,1400
과자,스낵,밀가루스낵,100021,18,추억의꽈배기80G,1300
과자,캔디,젤리,100022,19,트롤리밀크쿠200G,1200
과자,스낵,밀가루스낵,100023,20,용문산산더덕쌀과자60G,1000
과자,비스킷,쿠키,100024,21,글로벌프리미엄초콜릿칩오트쿠키,1800
과자,캔디,젤리,100025,22,3D 자이언트 콜라향 비틀젤리,1500
과자,비스킷,스틱과자,100026,23,페레로캐나다누텔라앤고,900
과자,캔디,하드켄디,100027,24,RicolaAG리콜라스위스레몬민트맛캔디,1500
과자,스낵,쌀스낵,100028,25,깊은숲속행복한식품아이밀냠냠유기농쌀과자퍼핑도넛노랑,1000
과자,스낵,밀가루스낵,100029,26,새롬식품펭수초코프레첼80G,1800
면류,봉지면,국물봉지라면,300001,27,얼큰한쌀국수92G,1300
면류,봉지면,국물봉지라면,300002,28,삼경에프에스삿포로라멘미소84G,1500
상온HMR,레토르트,즉석스프,500002,29,보노 체다치즈스프 63G,1900
상온HMR,레토르트,즉석스프,500003,30,보노 포르치니 버섯스프 54G,1000
상온HMR,레저취미,반려견간식,500004,31,탐사 리얼 오메가 트릿 소고기연어 360G,1900
상온HMR,가공분말류,도넛가루/핫케이크가루,500005,32,모리나가 핫케잌 믹스 300G,1600
상온HMR,레토르트,즉석국/찌개,500006,33,주비푸드 일본식 미소장국 버섯맛 21G,1300
상온HMR,레토르트,기타레토르트,500007,34,주비푸드 적초생강 80G,1700
상온HMR,레토르트,즉석국/찌개,500008,35,양반 수라 우거지감자탕 460G,1000
상온HMR,레토르트,즉석죽,500009,36,양반 수라 녹두 삼계전복죽 420G,1900
상온HMR,레토르트,즉석죽,500010,37,양반 수라 낙지김치죽 420G,1600
상온HMR,잡곡,콩,500011,38,월드그린 적강낭콩 450G,1800
상온HMR,분말조미료,가공조미료,500014,39,빅마마씨푸드 해통령육수한알사골맛85G,1400
상온HMR,레토르트,즉석죽,500015,40,본아이에프 본죽 일품쇠고기미역죽500G,1100
상온HMR,병통조림,채소병통조림,500016,41,고야 다진고추를채운올리브149G,800
상온HMR,레토르트,기타레토르트,500018,42,본아이에프 본죽 쇠고기장조림 170G,900
상온HMR,기타,기타,500019,43,양송이스프,1200
상온HMR,설텅류,기타설탕류,500020,44,뉴슈가60G,1100
상온HMR,소스류,파,500021,45,알프레도파스타&소스,1600
상온HMR,과채음료,파우치음료,500022,46,아로마FI아띠야미석류피쉬콜라겐,1900
상온HMR,건강보조식품,종합영양제,500023,47,해밀스페니쉬비폴렌,1900
상온HMR,병통조림,채소병통조림,500024,48,투카스할리피뇨슬라이스,800
상온HMR,레토르트,기타레토르트,500025,49,칼칼한돼지고기김치찜,1300
상온HMR,레토르트,기타레토르트,500026,50,해초랑무가미구운김가루,1400
상온HMR,레토르트,기타레토르트,500027,51,해우촌돌김자반1+150G*2,1100
상온HMR,레토르트,기타레토르트,500029,52,해우촌돌김자반50G,1000
생활용품,위생용품,면봉,600001,53,콩맥스전자담배용크리닝면봉,1200
생활용품,위생용품,장갑,600002,54,대진친환경위생장갑50매(24CM*28CM),1200
생활용품,세탁용품,세제,600003,55,초고농축 다우니 프리미엄퍼퓸 코튼퓨어러브 1L,1700
생활용품,사무용품,접착제,600005,56,문방 조은풀 초강력액체풀50ML,800
생활용품,주방용품,지퍼백/비닐백,600006,57,지퍼락이지오픈탭미니35매,1300
생활용품,위생용품,화장솜,600009,58,중국)이지앤소프트부직포화장솜150P,1700
생활용품,위생용품,티슈,600010,59,이벤트코리아 데일리케어물티슈100매캡형,1100
생활용품,위생용품,일회용마스크,600011,60,중국)마스크진한파랑50PACK,1700
생활용품,위생용품,일회용마스크,600012,61,중국)마스크연한파랑50PACK,1900
생활용품,위생용품,일회용마스크,600013,62,중국)일본마스크50PACK,1200
생활용품,기타,기타,600014,63,롯데쇼핑)미니손난로핫팩하루,1100
생활용품,사무용품,수납용품,600015,64,플렉사두유우유홀더,1000
생활용품,기타,기타,600016,65,홈스타주방용세정제상큼한오렌지향,1400
생활용품,기타,기타,600017,66,그린세이프에프마이홈솔루션네오큐모기향,1900
생활용품,위생용품,구강용품,600018,67,프로폴리테라치약클래식민트,1800
생활용품,기타,기타,600019,68,콜게이트맥시멈캐비티프로텍션-그레이레귤러플레버,1400
생활용품,기타,기타,600020,69,클렌본캐치맙주방용행주세트300MM*300MM,1800
생활용품,위생용품,장갑,600021,70,홈에디션명진청소용장갑M,1700
생활용품,주방용품,식기류,600022,71,가루소분저장용기_소1.1KG,1200
생활용품,위생용품,일회용마스크,600023,72,K일회용필터마스크대형50매입,1200
생활용품,위생용품,장갑,600024,73,청정크린장갑,1100
생활용품,기타,기타,600026,74,화신공업화신공업화신원형인주(소),1800
생활용품,사무용품,볼펜,600027,75,희망노트사디즈니캐릭터마스코트볼펜(녹색)1개입,1100
생활용품,위생용품,탈취제,600028,76,해피룸해피탈취분사기향로맨틱가든180G,900
생활용품,위생용품,탈취제,600029,77,해피룸해피탈취분사기향라벤더향180G,1900
생활용품,위생용품,탈취제,600030,78,해피룸해피탈취분사기향딸기향180G,800
생활용품,위생용품,탈취제,600031,79,해피룸해피탈취분사기향레몬향180G,1200
생활용품,위생용품,탈취제,600032,80,해피룸해피탈취분사기향헤이즐넛향180G,1800
생활용품,위생용품,방향제,600033,81,산도깨비자동분사기향라일락280ML,1000
생활용품,위생용품,방향제,600034,82,산도깨비자동분사기향자스민280ML,1200
생활용품,기타,기타,600035,83,비카산업혼합미니백미니(소)40매,1400
생활용품,사무용품,충전용케이블,600036,84,팀넷코리아미키마우스5핀고속충전케이블1개입,1200
생활용품,기타,기타,600037,85,삼정펄프리빙뽑아쓰는키친타월150매,1300
생활용품,위생용품,구강용품,600038,86,통일산업휴대용구강청결제10개입,1200
생활용품,기타,기타,600039,87,톨스피아비타민C샤워기필터70ML,1300
생활용품,욕실용품,샤워기,600040,88,톨스피아녹물차단샤워기필터무향1개입,800
생활용품,생리용품,생리대,600041,89,뉴라이프타공보드에사용하는2칸꽂이대형1개,1000
생활용품,기타,기타,600042,90,우일플라텍양념통300ML,1400
생활용품,기타,기타,600043,91,해창양념통400ML,1900
생활용품,기타,기타,600044,92,해창잘라쓰는소스병500ML,1700
생활용품,기타,기타,600045,93,해창노란색소스병580ML,1200
생활용품,기타,기타,600046,94,우주화학공업사스푼포함양념통450ML,900
생활용품,기타,기타,600047,95,해창빨강소스병580ML,900
생활용품,기타,기타,600048,96,산도깨비아로마티셔츠리필용3개입,1100
생활용품,기타,기타,600049,97,산도깨비아로마티셔츠후리지아1개입,900
생활용품,주방용품,오일브러쉬,600050,98,이네스트실리콘오일브러쉬1개입(갈색),800
생활용품,위생용품,탈취제,600051,99,비엘코리아배수구탈취제레몬라임330ML,800
생활용품,기타,기타,600052,100,비엘코리아식탁세정330ML,1200
생활용품,주방용품,오일브러쉬,600053,101,이네스트실리콘오일브러쉬1개입(흰색),1400
생활용품,주방용품,보온병,600054,102,MS원터치비비드보온병(자주색),1700
생활용품,주방용품,보온병,600055,103,MS모던보온병,900
생활용품,기타,기타,600056,104,뉴텍정공걸이형스텐수저통(원형),800
생활용품,주방용품,보온병,600057,105,MS원터치비비드보온병(화이트),1900
생활용품,주방용품,보온병,600058,106,MS원터치비비드보온병(핑크),1900
생활용품,주방용품,보온병,600059,107,MS원터치비비드보온병(브론즈),1600
생활용품,기타,기타,600060,108,MS스텐워터보틀330ML(하늘색),1100
생활용품,기타,기타,600061,109,MS스텐워터보틀330ML(베이지),1200
생활용품,기타,기타,600062,110,브니엘산업브니엘수저통,1300
생활용품,기타,기타,600063,111,한솔제관마스킹테이프틴케이스보관함,1900
생활용품,기타,기타,600064,112,뉴텍정공걸이형스텐수저통(직사각형),1200
생활용품,기타,기타,600065,113,뉴텍정공와이어부착스텐다용도통,1700
생활용품,위생용품,방향제,600066,114,선인장모양석고방향제(레몬),900
생활용품,위생용품,방향제,600067,115,사과모양방향제80G,1200
생활용품,사무용품,수납용품,600068,116,모노톤메모홀더(400매),800
생활용품,기타,기타,600069,117,스틸펜꽂이,1200
생활용품,기타,기타,600070,118,미니연필깎이(옐로우),1800
생활용품,기타,기타,600071,119,미니연필깎이(민트),1300
생활용품,기타,기타,600072,120,바로꽂아쓰는연필깎이(옐로우),1700
생활용품,기타,기타,600073,121,바로꽂아쓰는연필깎이(민트),1000
생활용품,기타,기타,600074,122,파인라이너수성펜,1500
생활용품,기타,기타,600075,123,원형펜꽂이(소),1900
생활용품,기타,기타,600076,124,원형펜꽂이(중),1200
생활용품,기타,기타,600077,125,모노톤펜꽂이,1300
생활용품,기타,기타,600078,126,후크부착다용도걸이(대),1600
생활용품,기타,기타,600079,127,스타일빨래집게14P,1100
생활용품,기타,기타,600080,128,홀앤홀흡착큐방10P,1000
생활용품,기타,기타,600081,129,아로마티셔츠라벤더,1700
생활용품,기타,기타,600082,130,아로마티셔츠로즈마리,1200
생활용품,기타,기타,600083,131,아로마티셔츠리필3P(후리지아),1100
생활용품,욕실용품,샤워기,600084,132,비타민C샤워기필터은은한라벤더향,1100
생활용품,욕실용품,샤워기,600085,133,비타민C샤워기필체리블라썸향,900
생활용품,위생용품,방향제,600086,134,청소기방향제10G*3,1600
생활용품,기타,기타,600087,135,아로마티셔츠숲속향,1000
생활용품,위생용품,탈취제,600088,136,쓰레기통냄새탈취제라벤더향,1800
생활용품,위생용품,탈취제,600089,137,쓰레기통냄새탈취제레몬향,1900
생활용품,기타,기타,600090,138,통김솔,1300
생활용품,주방용품,식기류,600091,139,다회용소주컵60ML,1500
생활용품,기타,기타,600092,140,후크부착다용도걸이(소),1900
생활용품,세탁용품,보풀제거기,600093,141,토끼모양보풀제거기,800
생활용품,세탁용품,보풀제거기,600094,142,보풀제거기A2,1600
생활용품,기타,기타,600095,143,트라이탄아동용물병230ML(옐로우),1000
생활용품,위생용품,구강용품,600096,144,트라이탄아동용물병230ML(민트),1800
생활용품,기타,기타,600097,145,다이노트라이탄뚜껑물병350ML,1900
생활용품,위생용품,구강용품,600098,146,입속미인마일드애플민트가글,1100
생활용품,위생용품,구강용품,600099,147,입속미인마일드시트러스향가글,1200
생활용품,기타,기타,600100,148,개별포장양면이쑤시개1000개입,1600
생활용품,세탁용품,보풀제거기,600101,149,심플보풀제거기(블루),1800
생활용품,기타,기타,600102,150,흡착식헤어드라이기거치대,900
생활용품,기타,기타,600103,151,틀니세정발포정40정,1900
생활용품,주방용품,식기류,600104,152,간편하게열리는직사각용기80ML,1800
소스,소스류,양념소스,700001,153,타이헤리티지 코코넛크림 400ML,1800
소스,장류,간장,700002,154,기꼬만 사시미 생간장소스 200ML,1900
소스,소스류,양념소스,700003,155,몬 스위트칠리소스435ML,1700
소스,장류,간장,700004,156,기꼬만 혼쯔유 500ML,1900
소스,소스류,양념소스,700005,157,토니 로마스 오리지널 비비큐용 소스 510G,1900
소스,소스류,양념소스,700006,158,토니 로마스 캐롤라이나 허니 비비큐용 소스567G,900
소스,소스류,양념소스,700007,159,더본 백종원의 만능양념장소스370G,1600
소스,소스류,파스타소스,700009,160,프레고 이탈리안소스프레쉬머시룸양송이버섯 680G,1100
소스,소스류,양념소스,700010,161,일본 불독 돈까스소스 300ML,1500
소스,소스류,국물용소스,700011,162,일본)가츠오맛샤브샤브용육수100ML,1600
소스,소스류,국물용소스,700012,163,신영 계피가루 40G,1600
소스,장류,된장,700013,164,신영 산초분말 37G,1500
소스,장류,기타장류,700014,165,이금기중화해선장,1100
소스,설탕류,물엿/시럽,700015,166,요리가달콤하게살아나는요리당,1500
소스,설탕류,물엿/시럽,700016,167,전통조청의깊고진한맛쌀엿,1800
소스,소스류,파스타소스,700017,168,바쏘 해바라기오일 2L,1500
소스,분말조미료,가공조미료,700018,169,이금기치킨파우더,1800
소스,소스류,양념소스,700019,170,프리토스할라피뇨체다치즈딥소스,1400
소스,가공분말류,기타제빵재료,700020,171,인스턴트분말이스트8G,1900
소스,소스류,상온드레싱,700021,172,유자오렌지드레싱 230G,1100
소스,장류,된장,700022,173,순창장류주식회사아이배냇순창한식된장,1500
상온HMR,식용유,올리브유,700028,174,롯데쇼핑)올리브유스프레이에어프라이어용200ML,1600
유제품,요구르트,떠먹는 요구르트,800001,175,토핑오트&애플시나몬,1900
유제품,요구르트,마시는 요구르트,800002,176,밀크씨슬간편한닥터캡슐,1700
유제품,요구르트,마시는 요구르트,800003,177,프로틴고단백질요거트,900
유제품,치즈,리코타치즈,800004,178,갈바니 리코타치즈425G,1700
유제품,치즈,체다치즈,800005,179,벨치즈코리아 끼리 그릭스타일 200G,1200
유제품,요구르트,마시는 요구르트,800006,180,한국 야쿠르트 건강한 간 케어 쿠퍼스 프리미엄 140ML,1500
유제품,치즈,크림치즈,800007,181,프랑스)끼리크림치즈플레인108G,1200
유제품,치즈,크림치즈,800008,182,알미체리페퍼위드스파이스크림치즈,800
음료,과채음료,과일음료,900001,183,DIMES 석류착즙주스1000ML,800
음료,과채음료,과일음료,900002,184,DIMES 타트체리착즙주스 1000ML,1200
음료,커피음료,커피음료,900003,185,케이쿨120ML,1600
음료,기능성음료,기타기능성음료,900004,186,롯데쇼핑 파인애플착즙주스700ML,1900
음료,탄산수,플레인탄산수,900005,187,캐나다드라이토닉워터250ML,1600
음료,두유,기능성두유,900006,188,롯데쇼핑)콜라,900
음료,기타,기타,900007,189,롯데쇼핑)스트로베리히비스커스로즈힙,1800
음료,과채음료,어린이음료,900008,190,롯데쇼핑)감귤착즙주스,1300
음료,과채음료,과일음료,900009,191,롯데쇼핑)석류착즙주스,1800
음료,기능성음료,기타기능성음료,900010,192,롯데쇼핑)물한방울넣지않은사과착즙주스,900
음료,탄산음료,혼합탄산,900011,193,헛개숙취세트3G*100ML,1000
음료,과채음료,과일음료,900012,194,오랑지나420ML,1800
음료,탄산음료,사이다,900013,195,탄산이톡톡스파클링워터(레몬)350ML,1400
음료,과채음료,채소음료,900014,196,(주)두리두리퀘이커마시는오트밀오트&그린티하동녹차,1100
음료,기능성음료,기타기능성음료,900015,197,(주)두리두리퀘이커마시는오트밀오트&그레인,1000
음료,과채음료,어린이음료,900016,198,그래미여명1004천사의행복140ML,1200
의약외품,위생용품,콘돔,1000001,199,메디바이스PlayBoy유틸리티울트라씬,1100
의약외품,구강용품,기타구강관리용품,1000002,200,입터진날엔3개입9G,1500
의약외품,위생용품,밴드류,1000003,201,해피홈아쿠아밴드,1200
의약외품,위생용품,콘돔,1000004,202,원포 임신테스트기3개입,800
의약외품,레저취미,반려묘/반려견용품,1000005,203,펫퍼스펫퍼스배변유도제(애완용),1400
주류,맥주,수입맥주,1200001,204,마이비어빅웨이브골든에일,1300
주류,와인,레드와인,1200002,205,신세계스텅브루저먼레드,1300
주류,전통주,청주,1200003,206,문배주양조원문배술,1300
주류,맥주,수입맥주,1200004,207,비어벨트 브라우펄 펄스 500ML,1800
주류,전통주,과실주,1200005,208,백운 복분자와인 300ML,1000
주류,맥주,수입맥주,1200006,209,크루저라즈베리향(병),900
주류,맥주,수입맥주,1200007,210,페로니나스트라즈로(병),1900
주류,맥주,수입맥주,1200008,211,크루저블루베리향(병),1100
주류,와인,스파클링와인,1200009,212,다다(병),1900
주류,맥주,무알콜맥주,1200010,213,크롬바커필스알코올프라이(무알콜)(병),1600
주류,맥주,수입맥주,1200011,214,사이공스페셜(병),1300
주류,맥주,수입맥주,1200012,215,벨코포포빅키코젤다크(캔),900
주류,맥주,수입맥주,1200013,216,스텔라아르투아(캔),1100
주류,맥주,수입맥주,1200014,217,페로니나스트라즈로(캔),1900
주류,맥주,수입맥주,1200015,218,호랄프리미엄필스너라거(캔),1300
주류,맥주,수입맥주,1200016,219,롱보드아일랜드라거(캔),900
주류,맥주,무알콜맥주,1200017,220,클라우스탈러(병),1700
주류,맥주,수입맥주,1200018,221,바바바맥주(캔),800
주류,맥주,수입맥주,1200019,222,스텔라아르투아(캔),1700
주류,소주,증류식소주,1200020,223,충북맑은바람360ML,1500
주류,맥주,국내맥주,1200021,224,프리미어오비640ML,1900
주류,맥주,수입맥주,1200022,225,호프야거바이젠비어,900
주류,맥주,수입맥주,1200023,226,홉고블린 골드 500ML,1600
주류,맥주,국내맥주,1200024,227,프리미어오비355ml,800
주류,맥주,수입맥주,1200025,228,페로니나스트라즈로(캔),1400
주류,맥주,수입맥주,1200026,229,코로나엑스트라(캔),1000
주류,맥주,수입맥주,1200027,230,크롬바커(캔),800
주류,맥주,수입맥주,1200028,231,홉고블린(캔),1000
주류,맥주,수입맥주,1200029,232,주부르그랜드(캔),800
주류,기타주류,보드카,1200030,233,에드워드러시안베어파인애플향,1200
주류,맥주,무알콜맥주,1200031,234,칭따오논알콜릭,1600
주류,전통주,고량주,1200032,235,장샤오바이 강소백,1400
주류,맥주,수입맥주,1200033,236,비어케이칭따오맥주200ML,1000
커피차,분말차,옥수수차,1300001,237,대한다업순작유기농옥수수수염차,1700
커피차,분말차,기타,1300002,238,산들 노니 140G,900
커피차,분말차,기타,1300003,239,산들 계피 180G,900
커피차,분말차,기타,1300004,240,산들 차가버섯 120G,1800
커피차,분말차,기타,1300005,241,산들 볶음돼지감자 140G,1900
커피차,분말차,기타,1300006,242,양파껍질차24G,1200
커피차,분말차,커피,1300007,243,트룽 G7블랙커피 15T 30G,1100
커피차,분말차,잎차,1300008,244,트와이닝 레몬보이차 25T 50G,1400
커피차,분말차,커피,1300009,245,파워루트_알리카페카푸치노_10T 200G,1800
커피차,분말차,허브차,1300010,246,롯데마트)루이보스차,1900
커피차,분말차,허브차,1300011,247,롯데쇼핑)페퍼민트차미국산(OEM)20T,1800
커피차,분말차,커피,1300012,248,카페드롭탑더치아메리카노20G,800
커피차,분말차,녹차/현미녹차,1300013,249,캐모마일 현미녹차 40T,1900
커피차,분말차,코코아/핫초코,1300014,250,미가방주식회사제티초콕바나나맛,1000
커피차,분말차,코코아/핫초코,1300015,251,미가방주식회사제티초콕딸기맛,1100
음료,차음료,일반차음료,10900001,252,ATG컴퍼니)푸룬주스,1800
상온HMR,식용유,포도씨유,20700001,253,롯데쇼핑)바쏘포도씨유,1000
과자,캔디,젤리,50100001,254,CJ 쁘띠첼 구미젤리포도 50G,1000
과자,캔디,젤리,50100002,255,CJ 쁘띠첼 구미젤리복숭아 50G,1300
과자,캔디,젤리,50100003,256,CJ 쁘띠첼 구미젤리레몬 50G,1300
과자,기타,기타,50100004,257,CJ 쁘띠첼 워터젤리오렌지 130ML,1200
과자,스낵,옥수수스낵,50100005,258,CJ 비비고칩스위트콘 20G,800
과자,스낵,감자스낵,50100006,259,CJ푸드)비비고칩포테이토40G,1100
과자,가공분말류,기타프리믹스,50100007,260,CJ제일제당)초코칩쿠키믹스290G,1700
상온HMR,소스류,맛가루,50500002,261,CJ밥이랑야채랑27G,800
상온HMR,레토르트,즉석밥,50500003,262,CJ햇반컵반설렁탕밥253g,1000
상온HMR,레토르트,즉석국/찌개,50500005,263,CJ 비비고 스팸 부대찌개 460G,1500
상온HMR,레토르트,기타레토르트,50500006,264,CJ 제일안주 불돼지껍데기 160G,1000
상온HMR,레토르트,즉석죽,50500007,265,CJ 비비고 새우계란죽 450G,1500
상온HMR,레토르트,즉석밥,50500008,266,CJ 햇반컵반 철판제육덮밥 256G,900
상온HMR,레토르트,즉석밥,50500009,267,CJ 햇반컵반 스팸마요덮밥 219G,1200
상온HMR,레토르트,즉석밥,50500010,268,CJ 햇반컵반 강된장보리비빔밥 280G,1800
상온HMR,레토르트,즉석국/찌개,50500011,269,CJ 비비고 소고기미역국 500G,1100
상온HMR,레토르트,즉석국/찌개,50500012,270,CJ 비비고 전복미역국 500G,1600
상온HMR,레토르트,즉석국/찌개,50500013,271,CJ 비비고 감자탕 460G,900
상온HMR,레토르트,즉석죽,50500014,272,CJ 비비고 불낙죽 450G,1300
상온HMR,레토르트,즉석국/찌개,50500015,273,CJ 비비고 차돌된장찌개 460G,1600
상온HMR,소시지,소시지,50500016,274,CJ 맥스봉체다치즈어랏 400G,900
상온HMR,과채음료,파우치음료,50500017,275,CJ 쁘띠첼워터젤리사과 130ML,1100
상온HMR,과채음료,파우치음료,50500018,276,CJ 쁘띠첼워터젤리포도 130ML,1400
상온HMR,레토르트,즉석밥,50500020,277,CJ)햇반컵반중화마파두부덮밥270G,1200
상온HMR,레토르트,즉석밥,50500021,278,CJ햇반컵반낙지콩나물비빔밥216g,1600
상온HMR,레토르트,즉석국/찌개,50500022,279,CJ 비비고 추어탕 460G,1300
상온HMR,레토르트,즉석죽,50500023,280,CJ 비비고 동지팥죽 450G,1900
상온HMR,레토르트,즉석죽,50500024,281,CJ 비비고 녹두닭죽 450G,1600
상온HMR,레토르트,즉석밥,50500025,282,CJ 햇반컵반 미역국밥 167G,1600
상온HMR,레토르트,즉석밥,50500026,283,CJ 햇반컵반 사골곰탕국밥 166G,1500
상온HMR,레토르트,즉석밥,50500027,284,CJ 햇반컵반 콩나물해장국밥 270G,1200
상온HMR,레토르트,즉석밥,50500028,285,CJ 햇반컵반 황태국밥 170G,1300
상온HMR,레토르트,즉석밥,50500029,286,CJ 햇반컵반 직화불고기덮밥 257G,1600
상온HMR,레토르트,즉석밥,50500030,287,CJ 햇반컵반 치킨커리덮밥 278G,1900
상온HMR,레토르트,즉석밥,50500031,288,CJ 햇반컵반 고추장나물현미비빔밥 229G,1800
상온HMR,레토르트,즉석밥,50500032,289,CJ 햇반컵반 볶은김치덮밥 247G,1100
상온HMR,레토르트,즉석국/찌개,50500033,290,CJ 비비고 육개장 500G,1900
상온HMR,레토르트,기타레토르트,50500034,291,CJ 제일안주 소양불막창 170G,1800
상온HMR,소스류,국물용소스,50500035,292,CJ 다담 냉이된장찌개양념 140G,1600
상온HMR,소스류,국물용소스,50500036,293,CJ 다담 바지락순두부찌개양념 140G,1900
상온HMR,액상조미료,식초,50500038,294,CJ 백설건강발효현미식초 500ML,800
상온HMR,소스류,국물용소스,50500039,295,CJ 사골애처음부터육수가쓰오 525ML,1200
상온HMR,소스류,국물용소스,50500040,296,CJ 사골애처음부터육수멸치다시마 525ML,1800
상온HMR,분말조리식,기타분말조리식,50500041,297,CJ밸런스밀귀리50G,1700
상온HMR,레토르트,즉석밥,50500045,298,CJ햇반컵반버섯곤드레비빔밥189g,800
상온HMR,레토르트,기타레토르트,50500046,299,CJ제일제당)김치전컵전210G,1200
상온HMR,레토르트,즉석국/찌개,50500047,300,CJ제일제당)비비고소고기무국500G,1900
상온HMR,레토르트,즉석국/찌개,50500048,301,CJ제일제당)비비고동태탕460G,1100
상온HMR,레토르트,즉석국/찌개,50500049,302,CJ제일제당)비비고차돌육개장500G,1900
상온HMR,레토르트,즉석밥,50500050,303,CJ햇반컵반닭곰탕밥261g,1700
상온HMR,레토르트,즉석국/찌개,50500052,304,CJ제일제당)비비고돼지고기김치찌개460G,1500
상온HMR,레토르트,즉석국/찌개,50500053,305,CJ제일제당)비비고콩나물황태국500G,1900
상온HMR,레토르트,즉석국/찌개,50500054,306,CJ제일제당)비비고알탕440G,900
상온HMR,레토르트,즉석국/찌개,50500055,307,CJ제일제당)비비고전북죽450G,1300
상온HMR,레토르트,즉석국밥,50500056,308,CJ햇반컵반육개장국밥,1600
상온HMR,가공분말류,기타프리믹스,50500058,309,CJ초코케익믹스300G,1900
상온HMR,레토르트,즉석죽,50500059,310,CJ비비고소고기죽450G,1200
상온HMR,레토르트,즉석국/찌개,50500060,311,CJ비비고진국설렁탕,1500
상온HMR,레토르트,즉석국/찌개,50500061,312,CJ비비고전복미역죽,800
상온HMR,레토르트,즉석죽,50500063,313,CJ)비비고통단팥죽280G,1300
상온HMR,레토르트,즉석죽,50500064,314,CJ)비비고누룽지닭백숙죽280G,900
상온HMR,레토르트,즉석죽,50500067,315,CJ비비고통단팥죽450G,1800
상온HMR,레토르트,즉석국/찌개,50500068,316,CJ비비고순댓국460G,1600
상온HMR,소스류,양념소스,50500070,317,CJ다담떡볶이양념,1500
상온HMR,레토르트,즉석국/찌개,50500071,318,CJ햇반컵반순두부찌개국밥173G,1500
상온HMR,레토르트,즉석밥,50500072,319,CJ햇반컵반김치날치알밥188g,800
상온HMR,레토르트,즉석밥,50500073,320,CJ햇반컵반버터장조림비빔밥216g,1000
상온HMR,레토르트,즉석밥,50500074,321,CJ햇반컵반직화볶음짜장덮밥280G,1800
소스,액상조미료,맛술,50700001,322,CJ 백설맛술로즈마리 500ML,1800
소스,소스류,국물용소스,50700003,323,CJ 다담 마파두부양념 150G,1500
소스,소스류,국물용소스,50700004,324,CJ 다담매운낙지볶음양념,1200
소스,소스류,국물용소스,50700005,325,CJ 다담강된장찌개양념130G,1900
소스,소스류,국물용소스,50700006,326,CJ 다담고깃집된장찌개양념130G,1700
소스,액상조미료,액젓,50700007,327,CJ 하선정 서해안까나리액젓 1KG,1400
소스,액상조미료,액젓,50700008,328,CJ 하선정 멸치액젓 1KG,1200
소스,소스류,파스타소스,50700009,329,CJ백설 로제파스타소스180G,800
소스,소스류,파스타소스,50700010,330,CJ백설 토마토파스타소스180G,1200
소스,소스류,파스타소스,50700011,331,CJ백설 치즈크림파스타소스140G,1100
소스,설탕류,물엿/시럽,50700012,332,CJ 프락토올리고당,1400
소스,액상조미료,맛술,50700013,333,CJ 백설맛술생강 500ML,1100
소스,소스류,상온드레싱,50700014,334,CJ제일제당)마카다미아&캐슈넛드레싱105G,1600
소스,식용유,참기름/들기름,50700015,335,CJ제일제당)참기름고소함가득430ML,1500
소스,식용유,참기름/들기름,50700016,336,CJ제일제당)진한참기름500ML,1800
소스,장류,된장,50700017,337,CJ제일제당)명품집된장450G,1900
소스,설탕류,갈색설탕,50700018,338,CJ갈색설탕1KG,1900
소스,식용유,참기름/들기름,50700019,339,CJ밥이랑가쓰오김자반18G,1700
소스,설탕류,물엿/시럽,50700020,340,CJ요리올리고당700G,1200
소스,소스류,고기양념장,50700021,341,CJ 백설뚝배기불고기양념 150G,900
소스,분말조미료,가공조미료,50700022,342,CJ)다시다쇠고기12T96G,1200
소스,소스류,양념소스,50700023,343,CJ 백설남해바다굴소스 500G,1000
소스,분말조미료,가공조미료,50700024,344,CJ다시다쇠고기100G,900
소스,액상조미료,맛술,50700025,345,CJ 백설맛술로즈마리 800ML,1600
상온HMR,액상조미료,식초,50700037,346,CJ 백설자연발효파인애플식초 500ML,1800
상온HMR,분말조미료,가공조미료,50700044,347,CJ다시다골드쇠고기250G,1100
상온HMR,액상조미료,식초,50700051,348,CJ 현미식초,800
상온HMR,식용유,기타식용유,50700057,349,CJ 바삭한요리유,1300
상온HMR,식용유,참기름/들기름,50700062,350,CJ백설100%통들깨들기름,1500
상온HMR,소스류,향미유,50700066,351,CJ 마늘생강기름,1800
상온HMR,분말조미료,가공조미료,50700069,352,다시다국내산멸치골드100G,1500
음료,차음료,일반차음료,50900001,353,CJ)새싹보리410ML,1600
음료,기능성음료,숙취해소음료,50900002,354,CJ컨디션헛개100ML,1800
음료,탄산수,플레인탄산수,50900003,355,CJ헛개수340ML,1900
음료,과채음료,과채혼합음료,50900004,356,CJ인삼한뿌리120ML,1200
음료,차음료,일반차음료,50900005,357,CJ)히비스커스블렌딩티340ML,1100
의약외품,건강보조식품,비타민/미네랄,51000001,358,CJ 리턴업 비타민 뼈건강케어 84G,1100
의약외품,건강보조식품,비타민/미네랄,51000002,359,CJ 리턴업 비타민 40 84G,1500
의약외품,건강보조식품,비타민/미네랄,51000003,360,CJ 리턴업 비타민 베이직 84G,1100
의약외품,건강보조식품,비타민/미네랄,51000004,361,CJ 리턴업 비타민 에너지케어 84G,1800
커피차,액상차,과실절임차,51300001,362,CJ백설리얼매실청310ML,800
커피차,액상차,생강차,51300002,363,CJ백설리얼생강청310ML,800
커피차,액상차,과실절임차,51300003,364,CJ백설리얼오미자청310ML,900
커피차,분말차,녹차,51300004,365,CJ투썸그린티파우더,1900
커피차,분말차,기타,51300005,366,CJ투썸요거트파우더,1800
소스,액상조미료,액젓,60700001,367,CJ하선정멸치액젖,1300
소스,액상조미료,액젓,60700002,368,CJ하선정까나리액젓,1200
소스,액상조미료,액젓,60700003,369,CJ하선정덧장명품액젓남해안멸치(푸름),1000
음료,차음료,전통차음료,70900001,370,CJ컨디션레이디100ML,1300
소스,소스류,양념소스,80700001,371,DEVELEY핫도그소스(파란색),800
과자,캔디,젤리,90100001,372,돌망고젤리,1300
과자,캔디,젤리,90100002,373,돌화이트코코젤리,1200
상온HMR,과채음료,과일음료,90500001,374,Dole 후룻볼 복숭아 4입 100%주스,1000
상온HMR,씨리얼,일반시리얼,90500002,375,돌코리아 올라이트뮤즐리 5가지곡물과크랜베리 300G,1900
상온HMR,병통조림,과일병통조림,90500003,376,돌 후룻바틀 파인애플 666G,1100
상온HMR,가공안주류,견과류,90500004,377,돌코리아 올라이트뮤즐리 말린과일과아몬드 300G,900
상온HMR,씨리얼,일반시리얼,90500005,378,돌코리아)올라이트뮤즐리,1200
음료,과채음료,과일음료,90900001,379,돌코리아 오렌지팝 496ML,1600
음료,과채음료,과일음료,90900002,380,돌코리아 파인애플팝 496ML,800
상온HMR,소스류,상온드레싱,100500001,381,독일)게르킨렐리쉬머스타드350G,1400
음료,탄산음료,혼합탄산,110900001,382,GS리테일스파클링요구르트350ML,800
의약외품,위생용품,치약,141000001,383,메디안치석케어93%120G,1500
의약외품,위생용품,치약,151000001,384,46cm페리오오래가는민트,1300
과자,비스킷,크래커,160100001,385,MAYORA커피죠이,1000
음료,과채음료,과일음료,170900001,386,OKF)옐로우스무디350ml,1100
음료,과채음료,과일음료,170900002,387,OKF)레드스무디350ML,1400
커피차,분말차,커피,231300001,388,SweetHug)아메리카노30T,1600
커피차,분말차,커피,231300002,389,SweetHug)모카커피믹스40T,1100
과자,비스킷,쿠키,240100001,390,TIPO티포초코칩쿠키,1800
과자,비스킷,쿠키,250100002,391,VENUS러쉬코코아크림쿠키다크,900
커피차,분말차,허브차,271300002,392,가고파힐링푸드)유기농레몬밤,1800
커피차,분말차,우엉차,271300003,393,가고파힐링푸드)우엉차,1900
커피차,분말차,잎차,271300004,394,가고파힐링푸드)유기농히비스커스,1900
커피차,분말차,허브차,271300005,395,가고파힐링푸드)유기농페파민트,1900
커피차,분말차,허브차,271300006,396,가고파힐링푸드)유기농루이보스,1200
커피차,액상차,기타,271300007,397,가고파힐링푸드)도라지차,1800
커피차,액상차,과실절임차,271300008,398,가고파힐링푸드)노니차,1700
커피차,액상차,과실절임차,271300009,399,가고파힐링푸드)모과차,1200
커피차,액상차,과실절임차,271300010,400,가고파힐링푸드)오미자차,1600
커피차,분말차,기타,271300011,401,가고파힐링푸드)로즈힙,1000
커피차,분말차,잎차,271300012,402,가고파힐링푸드)유기농라벤더,1500
커피차,분말차,기타,271300013,403,가고파힐링푸드)영지버섯차,1100
커피차,분말차,홍차,271300014,404,가고파힐링푸드)얼그레이홍차,900
커피차,분말차,잎차,271300015,405,가고파힐링푸드)새싹보리차,1100
커피차,분말차,아이스티,271300016,406,가고파힐링푸드)레몬그라스,1000
커피차,액상차,과실절임차,271300017,407,가고파힐링푸드2공장)힐링N팜블루베리즙10포,1200
소스,소금류,천일염,310700001,408,가원)요리하다고운함초소금,1200
소스,소금류,천일염,310700002,409,가원)초이스엘구운천일염허브맛솔트,1700
소스,소금류,천일염,310700003,410,가원)요리하다고운천일염,1000
음료,기능성음료,기타기능성음료,320900001,411,갈바니나 스파클링 레몬에이드 355ML,800
음료,탄산음료,혼합탄산,320900002,412,갈바니나 스파클링 레드오렌지에이드 355ML,1700
커피차,분말차,기타,331300001,413,감로700)유기농달콤한어성초감로차10G,1300
커피차,분말차,기타,331300002,414,감로700)유기농오리지날감로차3G,900
커피차,분말차,기타,331300003,415,감로700)유기농고소하고달콤한차10G,1500
주류,맥주,국내맥주,341200001,416,강서마일드에일(캔)500ML,1300
음료,기능성음료,식이섬유음료,350900001,417,동해고성해양심층수천년동안350ML,1300
소스,소금류,천일염,380700001,418,개암죽염식품)소금대신죽염,1800
음료,커피음료,커피음료,400900001,419,거창공장)아침에주스950ML,1500
음료,커피음료,커피음료,410900002,420,건강마을)뽀로로홍삼쏙쏙오렌지,1300
음료,과채음료,채소음료,410900003,421,건강마을)세리박스곤약젤리복숭아마시는곤약젤리,1900
음료,기능성음료,기타기능성음료,410900004,422,건강마을)세리박스곤약젤리청포도마시는곤약젤리,1600
음료,기능성음료,스포츠음료,430900001,423,건강한사람들)고려은단스파클링비타민C,1400
음료,과채음료,과일음료,430900002,424,건강한사람들)과일사이다딸기키위,1300
과자,캔디,젤리,440100001,425,건영푸드 망고코리아 300G,1200
과자,캔디,젤리,440100002,426,건영푸드거봉코리아,1700
과자,스낵,밀가루스낵,450100003,427,게메즈에낙,1000
과자,건강보조식품,비타민/미네랄,470100001,428,경남제약레모나2G*10포,1400
과자,건채소,고구마,480100002,429,경성 반건조첫사랑군고구마 65G,1300
주류,전통주,청주,491200001,430,경주법주)경주법주,1200
주류,전통주,청주,491200002,431,경주법주)화랑,1100
주류,전통주,청주,491200003,432,경주법주화랑,1800
의약외품,구강용품,기타구강관리용품,501000001,433,경주생약)입터진날엔9G,1900
과자,마른안주,어포류,510100001,434,경진 꼬마꾸이맨50g,900
음료,기능성음료,비타민/에너지음료,520900001,435,고구려통상)가토멜론맛,1100
음료,차음료,일반차음료,520900002,436,고구려통상)가토리치맛,1300
음료,과채음료,과일음료,520900003,437,고구려통상)가토수박맛,1900
의약외품,건강보조식품,비타민/미네랄,531000001,438,고려은단 쏠라C구미 복숭아맛 50G,1100
의약외품,건강보조식품,비타민/미네랄,531000002,439,고려은단헬스케어)쏠라C정블루베리맛,1800
의약외품,건강보조식품,비타민/미네랄,531000003,440,고려은단헬스케어)쏠라C정레몬맛,900
의약외품,건강보조식품,비타민/미네랄,531000004,441,고려은단헬스케어)쏠라C구미청포도맛50G,1100
의약외품,건강보조식품,비타민/미네랄,531000005,442,고려은단헬스케어)쏠라C구미레몬맛50G,800
주류,전통주,과실주,541200001,443,고창서해안복분자 선운 330ML,1500
음료,차음료,일반차음료,570900001,444,골든라이프텍)곡물가게궁자연주의건강함리얼호박차,1600
음료,차음료,일반차음료,570900002,445,골든라이프텍)곡물가게궁자연주의건강함리얼팥차,1100
주류,맥주,수입맥주,581200001,446,골든블루)칼스버그,900
과자,캔디,소프트캔디,600100001,447,광동)아폴로,1300
음료,두유,일반두유,600900001,448,광동)알찬콩두유200ML,1700
음료,차음료,일반차음료,600900002,449,광동)힘찬하루헛개차1L,1200
음료,기능성음료,한방음료,600900003,450,광동)발효홍삼 100ml,800
음료,차음료,일반차음료,600900004,451,광동)홍삼꿀D100ML,1400
음료,생수,일반생수,600900005,452,광동)제주삼다수,1500
과자,캔디,소프트캔디,610100001,453,광동백성)아폴로36G,1200
과자,캔디,젤리,620100001,454,비타500젤리48G,1300
음료,기능성음료,한방음료,620900001,455,유어스광동어성초500ml,1100
음료,차음료,일반차음료,620900002,456,광동)옥수수수염차500ML,1500
음료,차음료,일반차음료,620900003,457,광동힘찬하루헛개차500ML,800
음료,기능성음료,비타민/에너지음료,620900004,458,광동)비타500(병)100ML,1000
음료,기능성음료,비타민/에너지음료,620900005,459,광동)비타500(병)180ML,1000
음료,탄산음료,혼합탄산,620900006,460,광동제약)비타500,800
음료,과채음료,어린이음료,620900007,461,광동제약 광동홍삼쌍화진100ML*10,1500
음료,기능성음료,한방음료,620900008,462,광동제약 광동생강쌍화진100ML*10,900
음료,과채음료,과일음료,620900009,463,유어스)NEO키위스무디190ML,1200
음료,생수,일반생수,620900010,464,광동우엉차500ml,1400
음료,과채음료,과일음료,620900011,465,광동힘찬하루헛개차1.5L,1700
음료,과채음료,과일음료,620900012,466,광동다복쌍화150ML,1100
음료,과채음료,과일음료,620900013,467,광동제약)광동우롱차,1900
음료,탄산음료,혼합탄산,620900015,468,광동)비타500스파클링(캔),1100
음료,커피음료,커피음료,620900016,469,유어스)RYAN애플스무디190ML,1700
음료,탄산수,Flavor탄산수,620900017,470,광동야관문야왕500ML,1500
음료,과채음료,과일음료,620900018,471,광동탐라는제주감귤1.5L,1300
음료,과채음료,과일음료,620900019,472,광동옥수수수염차1.5L,1400
음료,커피음료,커피음료,620900020,473,광동탐라는제주감귤500ML,800
음료,커피음료,커피음료,620900021,474,광동칡맥170ML,1400
의약외품,기능성음료,기타기능성음료,621000001,475,광동 위생천 박스 10병,800
의약외품,기능성음료,비타민/에너지음료,621000002,476,광동제약 비타500치어팩250ML,1200
의약외품,기능성음료,기타기능성음료,621000003,477,광동제약위생천75ML,1000
커피차,분말차,잎차,651300001,478,광일)모링가잎분말,1500
주류,맥주,국내맥주,681200001,479,구미호피치에일(캔)500ML,1800
과자,캔디,소프트캔디,690100001,480,구산글로벌)너즈수박향&체리향,800
주류,전통주,청주,711200001,481,국순당 예담차례주 700ML,1800
주류,전통주,막걸리,711200002,482,국순당아이싱자몽,1400
주류,전통주,막걸리,711200003,483,국순당)국순당막걸리쌀,1500
주류,전통주,청주,711200004,484,국순당백세주95ML,1300
주류,전통주,과실주,711200005,485,국순당명작복분자,1600
주류,전통주,막걸리,711200006,486,국순당막걸리쌀6캔350ML*6,1400
주류,전통주,막걸리,711200007,487,국순당)국순당막걸리쌀,1500
주류,소주,증류식소주,711200008,488,국순당)려25증류소주,1700
주류,전통주,막걸리,711200009,489,국순당옛날막걸리古,1600
주류,전통주,청주,711200010,490,국순당백세주375ML,1300
과자,스낵,과일스낵,730100002,491,(주)굿푸드 퓨어잇딸기엔치즈,1400
과자,스낵,과일스낵,730100003,492,(주)굿푸드퓨어잇동결건조딸기칩,1600
과자,스낵,과일스낵,730100004,493,(주)굿푸드 블루베리엔치즈,1400
과자,스낵,과일스낵,730100005,494,(주)굿푸드 퓨어잇사과엔치즈,1100
커피차,분말차,기타,741300001,495,궁파무역)건조맥주효모,1200
음료,기능성음료,비타민/에너지음료,750900001,496,그래미여명808 140ML,1800
주류,맥주,무알콜맥주,781200001,497,그롤쉬 넌 안콜릭 500ML,900
의약외품,위생용품,핸드워시/손세정제,811000001,498,그리니아)그리니아겔(에탄올)50ML,1400
의약외품,구강용품,치약,881000001,499,그린원일자일덴트 상쾌한치약모과민트,800
의약외품,유아용품,유아/아동용치약,881000002,500,그린원일B&B 어린이치약플러스(오렌지맛),1900
면류,용기면,국물용기라면,950300001,501,글로델 야끼소바컵라면 86G,800
면류,용기면,국물용기라면,950300002,502,글로델 하카타돈코츠컵라면 103G,900
과자,비스킷,스틱과자,960100001,503,글로리아비스코라지오초콜릿웨이퍼스틱,900
음료,과채음료,어린이음료,970900001,504,글로벌심층수)딥스그린,1500
음료,탄산음료,콜라,970900002,505,글로벌심층수 해양심층수딥스그린 500ML,1800
음료,커피음료,커피음료,990900001,506,금강B&F)칸타타아메리카노,1500
음료,과채음료,과일음료,990900002,507,금강B&F)청춘전투자몽에꿀한스푼,1300
음료,탄산음료,혼합탄산,990900003,508,금강B&F)청춘전투진저에레몬한방울,1100
음료,커피음료,커피음료,990900004,509,금강B&F)청춘전투세상에없는캐모마일,1600
커피차,분말차,뿌리차,1011300001,510,금광약초 칡뿌리 160G,1000
커피차,분말차,뿌리차,1011300002,511,금광약초 엄나무 90G,1400
커피차,분말차,기타,1011300003,512,금광약초)신령스런기운영지버섯,1300
커피차,분말차,우엉차,1011300004,513,금광약초)매일마시는2리터의습관우엉차,1600
커피차,분말차,둥굴레차,1011300005,514,금광약초)매일마시는2리터의습관둥굴레차,1800
커피차,액상차,과실절임차,1011300006,515,금광약초)다섯가지아름다운맛오미자,1900
커피차,액상차,과실절임차,1011300007,516,금광약초)지친남성을위한산수유,800
주류,소주,증류식소주,1021200001,517,금복주)소주왕금복주,1800
과자,비스킷,스틱과자,1030100002,518,금촌베이커리 맘스케어그리시니170G,1800
커피차,분말차,옥수수차,1051300001,519,기린농협)통옥수수차,1200
과자,껌류,기능성껌,1060100001,520,기준인터내셔날)알프스스트롱껌,900
과자,스낵,밀가루스낵,1070100001,521,길림양행 카라멜솔티드 땅콩앤프레첼 190G,1100
과자,견과류,아몬드,1070100002,522,길림양행 와사비맛 아몬드 210G,900
과자,견과류,아몬드,1070100003,523,길림양행 떡볶이맛 아몬드 210G,1500
과자,견과류,아몬드,1070100004,524,길림양행)별빛팡팡아몬드,800
과자,스낵,밀가루스낵,1070100005,525,길림양행 카라멜 아몬드 앤 프레첼 210G,1700
과자,견과류,아몬드,1070100006,526,길림양행)제주말차아몬드190G,1900
과자,견과류,아몬드,1070100007,527,길림양행 마늘빵아몬드 210G,1200
과자,견과류,아몬드,1070100008,528,길림양행 흑당밀크티아몬드 190G,1000
과자,견과류,땅콩,1070100009,529,길림양횅 와사비맛땅콩 190G,900
과자,견과류,땅콩,1070100010,530,길림양행군옥수수맛땅콩190G,1200
과자,견과류,땅콩,1070100011,531,길림양행허니버터땅콩190G,1900
과자,견과류,아몬드,1070100012,532,길림양행민트초코아몬드190G,1000
과자,견과류,아몬드,1070100013,533,길림양행청양마요아몬드,1300
과자,견과류,아몬드,1070100014,534,길림양행와사비맛아몬드,1600
과자,견과류,아몬드,1070100015,535,길림양행마늘빵아몬드,1100
과자,견과류,아몬드,1070100016,536,길림양행청양마요아몬드210G,1800
과자,견과류,아몬드,1070100017,537,길림양행인절미아몬드190G,1200
과자,견과류,아몬드,1070100018,538,길림양행토피넛라떼아몬드,1500
과자,견과류,아몬드,1070100019,539,길림양행)허니버터아몬드150G,1900
과자,견과류,아몬드,1070100020,540,(주)길림양행군옥수수맛아몬드,1700
과자,견과류,아몬드,1070100021,541,(주)길림양행 허니버터아몬드,1100
과자,견과류,아몬드,1070100022,542,(주)길림양행 불닭맛아몬드,1100
과자,견과류,아몬드,1070100023,543,(주)길림양행 쿠키앤크림아몬드,1100
과자,스낵,쌀스낵,1100100002,544,깃듬)처음먹는아이김스낵오리지널20G,800
과자,스낵,쌀과자,1100100003,545,깃듬)처음먹는아이김스낵-양파맛20G,1400
과자,차류,과칠차,1120100001,546,꽃샘식품)블렌딩스틱유자&모과,900
소스,차류,허브/꽃차,1120700001,547,꽃샘 피어나자스민레몬350G,1000
음료,과채음료,과일음료,1120900001,548,꽃샘식품)초이스허니세븐베리,1300
음료,과채음료,원액,1120900002,549,꽃샘식품)초이스허니라인레몬,1500
커피차,액상차,기타,1121300001,550,꽃샘 별난알맹이레몬 500G,1000
커피차,분말차,옥수수차,1121300002,551,꽃샘식품홈플러스옥수수수염차,1600
커피차,분말차,옥수수차,1121300003,552,꽃샘옥수수수염차20T,1400
커피차,분말차,잎차,1121300004,553,꽃샘 그라비올라차 40T 28G,1300
커피차,분말차,아이스티,1121300005,554,꽃샘 별난알맹이자몽 500G,1800
커피차,분말차,과실절임차,1121300006,555,꽃샘 피어나다 국화 유자,1800
커피차,분말차,녹차/현미녹차,1121300007,556,꽃샘현미녹차20T,1900
커피차,액상차,과실절임차,1121300008,557,꽃샘 별난알맹이한라봉 500G,900
커피차,분말차,잎차,1121300009,558,꽃샘식품)보이차,1500
커피차,분말차,전통차,1121300010,559,꽃샘 대추차포션 30Gx15 450G,1900
커피차,분말차,기타,1121300011,560,꽃샘핑거루트추출분말15G,1900
커피차,분말차,메밀차,1121300012,561,꽃샘메밀차20T,1500
커피차,분말차,생강차,1121300013,562,꽃샘 THE생강차 15T 225G,1400
커피차,분말차,아이스티,1121300014,563,꽃샘식품립톤아이스티레몬&라임300G,1400
커피차,분말차,전통차,1121300015,564,꽃샘더대추차플러스15T,1600
커피차,분말차,기타,1121300016,565,꽃샘모링가추출분말10T,800
커피차,분말차,기타,1121300017,566,꽃샘모링가40T,1100
커피차,분말차,과실절임차,1121300018,567,꽃샘꿀유자차포션15T,1700
커피차,분말차,기타,1121300019,568,꽃샘식품타트체리분말,1300
커피차,분말차,둥굴레차,1121300020,569,꽃샘둥굴레차20T,1800
커피차,분말차,보리차,1121300021,570,꽃샘보리차20T,1400
과자,비스킷,크래커,1130100001,571,끄레몽에프앤비 듀크솔티드미니크래커 150G,1000
커피차,분말차,커피,1141300001,572,(주)나무인터내셔널헤이즐넛향커피,1500
과자,캔디,토이캔디,1150100001,573,나무인터내셔널 오렌지모양 캔디박스 25G,800
과자,캔디,사탕/캔디세트,1150100002,574,나무인터내셔널 락캔디 66G,900
과자,캔디,토이캔디,1150100003,575,나무인터내셔널 시크릿쥬쥬립스틱캔디 40G,900
과자,캔디,젤리,1150100004,576,나무인터내셔널 4D블록젤리 500G,1200
과자,캔디,토이캔디,1150100005,577,나무)수박모양캔디박스,1700
과자,캔디,하드캔디,1150100006,578,나무인터내셔널)도라에몽팝핑롤리팝딸기향(테이크아웃컵모양),1000
의약외품,위생용품,핸드워시/손세정제,1191000001,579,나투젠)포멀비 데일리 손소독청결제,1100
의약외품,위생용품,핸드워시/손세정제,1191000002,580,나투젠)포멀비 데일리손소독스프레이,1300
의약외품,위생용품,핸드워시/손세정제,1191000003,581,(주)나투젠'올'바른생활,1800
소스,분말조미료,가공조미료,1200700001,582,나팔꽃F&B김수미의국물의정석국물떡볶이분말,1400
소스,분말조미료,가공조미료,1200700002,583,나팔꽃F&B김수미의국물의정석닭볶음탕분말,900
소스,분말조미료,가공조미료,1200700003,584,나팔꽃F&B김수미의국물의정석된장찌개분말,1500
소스,분말조미료,가공조미료,1200700004,585,나팔꽃F&B김수미의국물의정석소불고기분말,900
주류,전통주,청주,1211200001,586,남경무역)양하대곡125ML,1700
음료,차음료,일반차음료,1220900001,587,남도농산 활력충만여주차 500ML,1300
주류,전통주,막걸리,1231200001,588,남도탁주)정고집옛날생동동주,1900
과자,스낵,밀가루스낵,1240100001,589,남양 우리아이처음먹는새우얌얌40G,1400
과자,스낵,감자스낵,1240100002,590,남양 우리아이처음먹는감자얌얌35G,1800
유제품,요구르트,떠먹는 요구르트,1240800001,591,남양유업 떠먹는 불가리스 생크림 요거트 85G,800
유제품,우유,일반우유,1240800002,592,남양맛있는우유GT슈퍼밀크,800
유제품,우유,일반우유,1240800003,593,남양맛있는우유GT,900
유제품,요구르트,마시는 요구르트,1240800004,594,남양아인슈타인베이비,1800
유제품,우유,가공우유,1240800005,595,남양초코에몽250ML,800
유제품,우유,가공우유,1240800006,596,남양)아이꼬야아기랑쌀이랑1.080ML,1000
유제품,우유,가공우유,1240800007,597,남양)아이꼬야아기랑쌀이랑180ML,1400
유제품,요구르트,마시는 요구르트,1240800008,598,남양이오트웬티즈,800
유제품,우유,일반우유,1240800009,599,남양맛있는우유GT,1500
유제품,요구르트,떠먹는 요구르트,1240800010,600,남양유업)든든한끼바나나&곤약150G,900
유제품,요구르트,떠먹는 요구르트,1240800011,601,남양유업)불가리스위쎈저지방150ML,900
유제품,요구르트,떠먹는 요구르트,1240800012,602,남양유업)불가리스100%무첨가프리미엄플레인435G,1500
유제품,요구르트,떠먹는 요구르트,1240800013,603,남양유업)불가리스당무첨가리얼플레인435G,1000
유제품,우유,일반우유,1240800015,604,남양유업)아인슈타인천연DHA우유120ml,1200
유제품,요구르트,마시는 요구르트,1240800016,605,남양불가리스위쎈,1300
유제품,요구르트,떠먹는 요구르트,1240800017,606,남양)퍼먹는불가리스든든한끼호두&아몬드150G,800
유제품,치즈,크림치즈,1240800018,607,남양유업)A급품격의파르미지아노A에이치즈플레인40G,1500
유제품,버터,무염버터,1240800019,608,남양유업)드빈치버터무가염450G,1900
유제품,치즈,크림치즈,1240800020,609,남양유업)에이치즈크림40G,1900
유제품,우유,가공우유,1240800021,610,남양아이꼬야한뼘더큰아기랑콩이랑1단계120ML,1400
유제품,치즈,체다치즈,1240800022,611,남양드빈치체다슬라이스,900
유제품,우유,가공우유,1240800023,612,남양우유GT찐~하고달달한딸기,1400
유제품,우유,가공우유,1240800024,613,남양우유GT찐~하고달달한초코,900
유제품,우유,일반우유,1240800025,614,남양백미당유기농네모우유,1400
유제품,우유,일반우유,1240800026,615,남양맛있는우유GT소화잘되는배안아픈우유,1700
유제품,우유,일반우유,1240800027,616,남양아인슈타인,1600
유제품,우유,일반우유,1240800028,617,남양맛있는우유GT,800
유제품,요구르트,마시는 요구르트,1240800029,618,남양이오베이비80ML,1900
음료,과채음료,과일음료,1240900001,619,남양엣홈오렌지1.5L,1100
음료,과채음료,과일음료,1240900002,620,남양 채움오렌지 730ML,1200
음료,커피음료,커피음료,1240900003,621,남양프렌치카페로스터리블랙글레이즈드라떼,1100
음료,커피음료,커피음료,1240900004,622,남양루카스나인시그니처더블샷라떼,1800
음료,커피음료,커피음료,1240900005,623,남양루카스나인시그니처라떼,1100
음료,탄산음료,혼합탄산,1240900007,624,남양)츄파춥스오렌지345ML,1800
음료,냉장음료,코코넛워터,1240900008,625,남양에프엔비프리미엄토닉워터소닉300ML,1900
음료,과채음료,과채혼합음료,1240900009,626,남양 야채채움퍼플190ML,1000
음료,과채음료,과일음료,1240900010,627,남양유업)채움포도730ML,1900
음료,커피음료,커피음료,1240900011,628,남양 프렌치카페 마일드커피 175ML,1000
음료,커피음료,커피음료,1240900012,629,남양 프렌치카페 카라멜마끼아또 175ML,1600
음료,차음료,일반차음료,1240900013,630,남양 17차 레몬향 1.5L,1200
음료,차음료,일반차음료,1240900014,631,남양 17차 새싹보리 1.5L,1900
음료,과채음료,과일음료,1240900015,632,남양)야채체움녹황190ML,800
음료,커피음료,커피음료,1240900016,633,남양유업)채움포도210ML,1800
음료,과채음료,과일음료,1240900017,634,남양유업)초코에몽180ML,1800
음료,우유,가공우유,1240900018,635,남양)채움오렌지210ML,900
음료,과채음료,과일음료,1240900019,636,남양참옥수수수염차1.5L,1700
음료,커피음료,커피음료,1240900020,637,남양유업)프렌치카페로스터리에스프레소라떼250ML,1000
음료,커피음료,커피음료,1240900021,638,남양유업)루카스나인시그니처아메리카노250ML,1000
음료,우유,기능성우유,1240900022,639,남양채움포도,1600
음료,커피음료,커피음료,1240900023,640,남양)프렌치카페로스터리킬링샷아메리카노,1200
음료,과채음료,과일음료,1240900024,641,남양천연수2L,1900
커피차,분말차,기타,1241300001,642,남양몸이가벼워지는시간17차25T,1300
커피차,분말차,커피,1241300002,643,남양프렌치카페카페믹스50T,1400
커피차,분말차,커피,1241300003,644,남양_루카스나인바닐라라떼_10T 169G,1200
커피차,분말차,커피,1241300004,645,남양 루카스나인 더블샷라떼 149G,1600
커피차,분말차,코코아/핫초코,1241300006,646,남양유업_루카스나인그린티라떼10T_189G,1500
커피차,분말차,커피,1241300007,647,남양 프리미엄프렌치카페골드라벨 50T 535G,1300
커피차,분말차,커피,1241300008,648,남양 루카스나인돌체라떼 30T 507G,1100
커피차,분말차,커피,1241300009,649,남양_루카스나인라떼_10T 149G,1300
커피차,분말차,커피,1241300010,650,남양프렌치카페카페믹스20T,1500
커피차,분말차,밀크티,1241300011,651,남양루카스나인흑당밀크티10T,1600
주류,전통주,막걸리,1261200001,652,남한산성소주참살이꿀막걸리,1000
과자,스낵,쌀스낵,1280100001,653,내아이애 떡뻥 단호박 쌀과자 30G,800
과자,스낵,쌀스낵,1280100002,654,내아이애 떡뻥 사과 쌀과자 30G,1100
과자,스낵,쌀스낵,1280100003,655,내아이애 떡뻥 고구마 쌀과자 30G,1000
과자,스낵,쌀스낵,1280100004,656,내아이애 떡뻥 연근 쌀과자 30G,800
과자,스낵,쌀스낵,1280100005,657,내아이애 떡뻥 비트 쌀과자 30G,1500
커피차,분말차,허브차,1291300001,658,내추럴브릿지)레몬밤추출물분말,1900
과자,스낵,옥수수스낵,1320100001,659,네모스낵 매콤한 맛,1600
과자,스낵,밀가루스낵,1320100002,660,네모스낵 후라이드치킨맛,1500
커피차,분말차,커피,1331300001,661,네스카페 신선한모카믹스 20T 234G,1000
커피차,분말차,커피,1331300002,662,네스카페)수프리모아메리카노22G,1100
커피차,분말차,커피,1331300003,663,네스카페인도네시아수마트라10T,1200
커피차,분말차,커피,1331300004,664,네스카페우간다케냐10T,1800
커피차,분말차,커피,1331300005,665,네스카페오리진스콜롬비아10T,900
커피차,분말차,커피,1331300006,666,네스카페 부드러운모카 50T,1600
커피차,분말차,커피,1331300007,667,네스카페오리진스알타리카,1100
과자,스낵,쿠키,1340100001,668,거버 바나나쿠키142G,1700
과자,레저취미,반려묘간식,1350100001,669,네슬레 프리스키파티믹스캘리포니아드리밍베이컨과칠면조맛60G,1600
커피차,분말차,코코아/핫초코,1351300001,670,네슬레)네슬레핫쵸코오리지날24G,1300
커피차,분말차,커피,1351300002,671,네슬레네스카페부드러운모카,1200
커피차,분말차,커피,1351300003,672,네슬레 네스카페 수프리모오리지널커피믹스 234G,1300
커피차,분말차,커피,1351300004,673,네슬레)신선한모카커피믹스15.2G,1900
커피차,분말차,코코아/핫초코,1351300005,674,네슬레 네스퀵쵸코리필 400G,1800
커피차,분말차,커피,1351300006,675,네슬레_네스카페수프리모디카페인_150G,1000
커피차,분말차,커피,1351300008,676,네슬레네스카페부드러운모카50T,1200
커피차,분말차,코코아/핫초코,1351300009,677,네슬레 핫초코오리지날 600G,1300
커피차,분말차,커피,1351300010,678,네슬레 초이스오리지날 리필 170G,1600
주류,맥주,국내맥주,1381200001,679,네오아티잔브루어리해운대,1300
의약외품,건강보조식품,눈/간/위/뼈,1421000001,680,네이처트리)국민간건강500MG*30정,1400
의약외품,건강보조식품,눈/간/위/뼈,1421000002,681,네이처트리)국민루테인500MG*30정,1700
의약외품,건강보조식품,눈/간/위/뼈,1421000003,682,네이처트리)국민뼈건강800MG*60정,800
면류,용기면,국물용기라면,1530300001,683,농심오징어짬뽕컵67G,900
면류,용기면,국물용기라면,1530300002,684,농심신라면컵65G,1900
면류,용기면,국물용기라면,1530300003,685,농심 새우탕컵(소) 67G,1000
면류,용기면,비빔용기라면,1530300004,686,농심 사천짜파게티컵 115G,1600
면류,용기면,비빔용기라면,1530300005,687,농심짜파게티큰사발123G,1700
면류,용기면,국물용기라면,1530300006,688,농심 너구리 큰사발면 111G,1300
면류,봉지면,국물봉지라면,1530300007,689,농심 생생우동면 276G,1200
면류,용기면,국물용기라면,1530300008,690,농심 순한너구리컵63G,1900
면류,봉지면,국물봉지라면,1530300009,691,농심생생우동봉지253G,1300
면류,봉지면,국물봉지라면,1530300010,692,신)농심멸치칼국수,1400
면류,봉지면,국물봉지라면,1530300011,693,농심)신라면건면(낱개)97G,800
면류,봉지면,국물봉지라면,1530300012,694,농심신라면120G,1900
면류,봉지면,국물봉지라면,1530300013,695,농심안성탕면125G,1500
면류,봉지면,국물봉지라면,1530300014,696,농심)얼큰장칼국수103G,1000
면류,봉지면,국물봉지라면,1530300015,697,농심무파마탕면122G,1900
면류,용기면,국물용기라면,1530300016,698,농심)신라면큰사발면114G,1600
면류,봉지면,국물봉지라면,1530300017,699,농심)신라면블랙101G,1700
면류,봉지면,국물봉지라면,1530300018,700,농심)감자면92G,1600
면류,봉지면,국물봉지라면,1530300019,701,농심)사리곰탕110G(봉지),1700
면류,봉지면,국물봉지라면,1530300020,702,농심신라면건면,1000
면류,용기면,비빔용기라면,1530300021,703,농심)사리곰탕컵61G,1500
면류,봉지면,국물봉지라면,1530300022,704,농심신라면두부김치94G,1200
면류,용기면,비빔용기라면,1530300023,705,농심참치마요큰사발면,800
면류,용기면,국물용기라면,1530300024,706,농심짜왕큰사발면,1900
면류,용기면,국물용기라면,1530300025,707,농심사리곰탕큰사발111G,1100
면류,용기면,국물용기라면,1530300026,708,농심새우탕큰사발115G,1600
면류,용기면,국물용기라면,1530300027,709,농심김치사발면86G,1800
면류,용기면,비빔용기라면,1530300028,710,농심짜파게티범벅70G,1800
면류,용기면,비빔용기라면,1530300029,711,농심)앵그리짜파구리큰사발108G,1100
면류,용기면,국물용기라면,1530300030,712,농심보글보글부대찌개큰사발면,1900
면류,용기면,비빔용기라면,1530300031,713,농심볶음너구리큰사발면,1800
면류,봉지면,비빔봉지라면,1530300032,714,농심올리브짜파게티140G,1400
면류,봉지면,비빔봉지라면,1530300033,715,농심사천짜파게티137G,900
면류,봉지면,국물봉지라면,1530300034,716,농심)칼빔면144G,1600
면류,봉지면,국물봉지라면,1530300035,717,농심시원한메밀소바127G,900
면류,봉지면,국물봉지라면,1530300036,718,농심순한너구리120G,1100
면류,용기면,국물용기라면,1530300037,719,농심 튀김우동컵 62G,1700
면류,봉지면,국물봉지라면,1530300038,720,농심)앵그리알티에이(RtA)(낱개)121G,1900
면류,봉지면,국물봉지라면,1530300039,721,농심오징어짬뽕124G,900
면류,봉지면,국물봉지라면,1530300040,722,농심)감자면117G,1900
면류,용기면,국물용기라면,1530300041,723,농심무파마큰사발112G,1200
면류,용기면,국물용기라면,1530300042,724,농심우육탕큰사발115G,1300
면류,용기면,국물용기라면,1530300043,725,농심육개장큰사발110G,1300
면류,용기면,국물용기라면,1530300044,726,농심오징어짬뽕큰사발115G,1600
면류,봉지면,비빔봉지라면,1530300045,727,농심둥지냉면(비빔냉면)봉지162G,900
면류,봉지면,국물봉지라면,1530300046,728,농심튀김우동(봉지)118G,1200
면류,용기면,국물용기라면,1530300047,729,농심김치큰사발면,800
면류,봉지면,국물봉지라면,1530300048,730,농심쌀국수,1200
소스,소금류,제재염,1530700001,731,농심)몰튼솔트,1600
소스,장류,간장,1530700002,732,농심)혼다시120G,1500
주류,맥주,국내맥주,1531200017,733,(신)카프리330ML(병),900
주류,전통주,과실주,1551200001,734,농업회사법인고은)선운산뽕와인300ML,1300
주류,전통주,청주,1571200001,735,농업회사법인금산인삼주)금산인삼주43%(병),1100
주류,전통주,청주,1621200001,736,농업회사법인우포의아침조선주조사,1000
면류,봉지면,비빔봉지라면,1640300001,737,농업회사법인현농)순쌀짜장면80G,1700
의약외품,위생용품,밴드류,1651000001,738,누리데믹스)마데카메디패치(1회용반창고),1300
의약외품,위생용품,밴드류,1651000002,739,누리메딕스시크릿커버밴드,1700
의약외품,위생용품,밴드류,1651000003,740,누리메딕스어드밴스키즈밴드(페코패턴밴드표준형),1400
주류,맥주,수입맥주,1661200001,741,뉴벨지움)팻타이어엠버에일,900
주류,전통주,사케,1701200001,742,니혼슈코리아)하나야구준마이(종이팩),1700
주류,전통주,사케,1701200002,743,니혼슈코리아)노호홍(종이팩),1600
소스,절임/잼,과일잼,1750700001,744,다온웰푸드다나딸기잼,1900
주류,맥주,수입맥주,1831200001,745,에스트렐라담바르셀로나(캔),1400
주류,맥주,수입맥주,1831200002,746,에스트렐라담바르셀로나(캔),1800
면류,봉지면,국물봉지라면,1890300001,747,대산바이오)레몬밤쌀국수92G,800
소스,분말조미료,가공조미료,1910700001,748,대상감칠맛미원500G,1700
소스,소스류,파스타소스,1910700002,749,대상 청정원명란크림파스타소스 350G,1400
소스,소스류,상온드레싱,1910700003,750,대상 청정원멸치액젓,1100
소스,소스류,양념소스,1910700004,751,대상 청정원돼지갈비양념,1700
소스,소스류,양념소스,1910700005,752,대상 청정원소갈비양념,1800
소스,절임/잼,과일잼,1910700006,753,대상 청정원후레쉬마요네즈,1800
소스,소스류,파스타소스,1910700007,754,대상 청정원매운갈비화끈한맛,1600
소스,소금류,정제염,1910700008,755,대상 청정원올리고당,1500
소스,소스류,양념소스,1910700009,756,대상 청정원소불고기양념,800
소스,설탕류,물엿/시럽,1910700010,757,대상 청정원우리아이케찹,1000
소스,액상조미료,식초,1910700011,758,대상 청정원고소한마요네즈,1700
소스,액상조미료,식초,1910700012,759,대상 청정원사과식초,800
소스,소스류,양념소스,1910700013,760,대상 청정원홀스래디쉬스테이크소스 205G,1300
소스,소스류,양념소스,1910700014,761,대상 청정원갈릭치즈마요소스 300G,1700
소스,장류,고추장,1910700015,762,대상)쇠고기볶음고추장60G,1400
소스,장류,고추장,1910700016,763,대상)직화맛쇠고기볶음고추장60G,1300
소스,소스류,양념소스,1910700017,764,대상 청정원오리엔탈스테이크소스,900
소스,소스류,마요네즈,1910700018,765,대상 청정원맛소금 95G,1100
소스,소스류,상온드레싱,1910700019,766,대상 청정원허니머스타드소스,1200
소스,소스류,양념소스,1910700020,767,대상 청정원굴소스 260G,1500
소스,소스류,국물용소스,1910700021,768,대상 청정원 요리한수 된장찌개양념150g,1200
소스,소스류,국물용소스,1910700022,769,대상)조개멸치된장찌개양념450G,1600
소스,장류,간장,1910700023,770,대상)염도낮춘발효다시마간장840ML,1800
소스,분말조미료,기타향신료,1910700024,771,대상 청정원맛선생국내산생강 13G,1900
소스,소스류,국물용소스,1910700025,772,대상 청정원 요리한수 부대찌개양념150g,800
소스,소스류,양념소스,1910700026,773,대상)청정원고메레시피마파두부양념,1000
소스,소스류,파스타소스,1910700027,774,대상)청정원알프레도파스타소스생크림&치즈,1400
소스,소스류,파스타소스,1910700028,775,대상)청정원까르보나라파스타소스베이컨&생크림,1600
소스,장류,고추장,1910700029,776,오뚜기초고추장500g,800
소스,액상조미료,식초,1910700030,777,대상 청정원사과식초,1600
소스,액상조미료,맛술,1910700031,778,대상 청정원맛술 830ML(생강매실),1100
소스,소스류,상온드레싱,1910700032,779,대상 청정원프렌치발사믹드레싱 325G,900
소스,장류,간장,1910700033,780,대상청정원햇살담은맛간장조림볶음용,900
소스,절임/잼,과일잼,1910700034,781,대상에프앤비복음자리바로짜먹는사과버터잼,900
소스,절임/잼,과일잼,1910700035,782,대상에프앤비복음자리바로짜먹는딸기잼,1700
소스,절임/잼,스프레드,1910700036,783,대상에프앤비복음자리바로발라먹는고구마버터,800
소스,절임/잼,과일잼,1910700037,784,대상에프앤비복음자리바로짜먹는블루베리잼,800
소스,절임/잼,스프레드,1910700038,785,대상에프앤비복음자리바로발라먹는마늘버터스프레드,1300
소스,분말조미료,가공조미료,1910700039,786,대상감칠맛미원250G,1400
의약외품,위생용품,파스,1981000001,787,대일화학공업)대일뉴아이스쿨에어로솔200ML,1500
의약외품,위생용품,위생솜/거즈,2041000001,788,대한위재상사)대한에탄올스왑100팩,1300
유제품,요구르트,떠먹는 요구르트,2210800001,789,덴마크)요거샐러드그린150G,1700
주류,맥주,수입맥주,2311200001,790,도아 가펠 소넨호펜 330ML,1000
주류,전통주,막걸리,2341200001,791,동강)동강더덕주,1300
의약외품,위생용품,연고,2351000001,792,동국제약)마데카솔,1000
의약외품,구강용품,치약,2351000002,793,동국제약 덴트릭스150G,1500
의약외품,위생용품,밴드류,2351000003,794,동국제약)마데카메디패치스팟패치12MM10MM,800
주류,맥주,수입맥주,2471200001,795,동아인터내셔널)에드남스고스트쉽,800
의약외품,기능성음료,숙취해소음료,2481000006,796,동아제약)가그린제로100ML,1100
의약외품,구강용품,구강청정제,2481000007,797,동아제약)가그린후레쉬라임100ML,1600
의약외품,구강용품,구강청정제,2481000008,798,동아제약)가그린오리지널380ML,1900
의약외품,구강용품,구강청정제,2481000009,799,동아제약)가그린 어린이용 사과,1600
의약외품,구강용품,구강청정제,2481000010,800,동아제약)가그린 어린이용 딸기,1900
의약외품,구강용품,치약,2481000012,801,동아제약)가그린오리지널250ml,800
의약외품,유아용품,유아/아동용치약,2481000013,802,동아제약)가그린 어린이용 풍선껌,1900
의약외품,위생용품,임신/배란테스트기,2481000014,803,(주)수진텍굿뉴스얼리체크,1500
유제품,우유,일반우유,2510800001,804,동원대니쉬THE건강한우유,800
유제품,우유,가공우유,2510800002,805,덴마크민트라떼,900
유제품,우유,가공우유,2510800003,806,덴마크바나나우유,1600
유제품,요구르트,떠먹는 요구르트,2510800004,807,동원 소와나무 입안가득부드러운생크림요거트 85G,800
유제품,요구르트,떠먹는 요구르트,2510800005,808,동원 덴마크 요거샐러드퍼플150G,1800
유제품,요구르트,떠먹는 요구르트,2510800006,809,동원F&B덴마크요거밀단호박150G,1700
유제품,요구르트,떠먹는 요구르트,2510800007,810,동원F&B덴마크요거샐러드옐로우150G,1500
유제품,요구르트,떠먹는 요구르트,2510800008,811,동원F&B)덴맠요거밀자색고구마150G,1200
유제품,치즈,모짜렐라치즈,2510800009,812,동원F&B)덴마크구워먹는치즈오리지널125G,1100
유제품,치즈,체다치즈,2510800010,813,동원)체다치즈 클래식612G,1100
유제품,치즈,체다치즈,2510800011,814,동원)트리플 슬라이스360G,1000
유제품,요구르트,떠먹는 요구르트,2510800012,815,동원덴마크요거밀,1000
유제품,우유,일반우유,2510800013,816,동원소와나무고칼슘우유,900
유제품,우유,가공우유,2510800014,817,동원F&B)뉴트리플랜펫밀크반려묘전용우유,1700
유제품,치즈,체다치즈,2510800015,818,동원F&B)뉴트리플랜모이스트루참치와닭고기,1600
유제품,우유,가공우유,2510800016,819,동원페퍼민트밀크티,1000
유제품,치즈,체다치즈,2510800017,820,동원에프앤비)1987체다치즈클래식12매입,1000
유제품,우유,가공우유,2520800001,821,소와나무덴마크커피커피,1000
유제품,우유,가공우유,2520800002,822,소와나무덴마크초코초코우유,1200
유제품,요구르트,마시는 요구르트,2520800003,823,소와나무덴마크드링킹요구르트베리믹스,1200
유제품,요구르트,마시는 요구르트,2520800004,824,소와나무덴마크드링킹요구르트파인애플,1600
유제품,요구르트,마시는 요구르트,2530800005,825,덴마크드링킹요구르트자두,1500
유제품,요구르트,마시는 요구르트,2530800006,826,덴마크드링킹요구르트사과,1900
유제품,요구르트,마시는 요구르트,2530800007,827,덴마크드링킹요구르트청포도,900
유제품,우유,일반우유,2530800008,828,덴마크대니쉬우유450ML,800
유제품,요구르트,마시는 요구르트,2530800009,829,덴마크드링킹요구르트(플레인)310ML,1800
의약외품,위생용품,핸드워시/손세정제,2551000001,830,동일제약 아트릭스 에스오에스핸드세니타이저60G,900
의약외품,기능성음료,비타민/에너지음료,2571000001,831,동화약품생생톤18ML,1100
의약외품,위생용품,콘돔,2651000001,832,듀오스킨투스킨,1900
의약외품,건강보조식품,비타민/미네랄,2661000003,833,드림리더)썬라이프비타민C1000(레몬/라임맛),1200
주류,기타주류,보드카,2701200001,834,디아지오코리아길비스 보드카 블루750ml,1900
주류,기타주류,보드카,2711200002,835,디아지오코리아)스미노프아이스그린애플향275ML,1900
주류,기타주류,위스키,2711200003,836,"디아지오코리아)조니워커""레드레이블""200ML",1900
주류,맥주,수입맥주,2711200004,837,디아지오코리아 홉하우스13라거 500ML,1200
주류,기타주류,보드카,2711200005,838,디아지오코리아)스미노프™그린애플향보드카(플라스틱병),1300
면류,봉지면,국물봉지라면,2760300001,839,디파이브컴퍼니 라황샹중경식마라탕면115G,1900
면류,봉지면,국물봉지라면,2760300002,840,디파이브컴퍼니 사천식탄탄면120G,1500
주류,맥주,수입맥주,2781200001,841,라사그라코리아)머피스아이리쉬스타우트,1900
주류,맥주,수입맥주,2941200001,842,레페브라운(캔),1900
의약외품,위생용품,밴드류,3011000001,843,롯데)초이스엘어린이밴드,1600
주류,소주,증류식소주,3011200001,844,롯데 진한처럼 360ML,1200
주류,기타주류,요리주,3011200002,845,롯데미림알콜14%,800
주류,기타주류,칵테일,3021200001,846,순하리소다톡바나나355ML,1800
주류,소주,증류식소주,3021200002,847,롯데처음처럼PET400ML,800
주류,전통주,과실주,3021200003,848,롯데설중매소다톡330ML,1600
주류,전통주,과실주,3021200004,849,롯데설중매골드360ML,900
주류,맥주,국내맥주,3021200005,850,롯데클라우드클래식500ML,1600
주류,소주,증류식소주,3021200006,851,롯데처음처럼플렉스,1700
주류,전통주,과실주,3021200007,852,롯데설중매스파클링300ML,1400
주류,소주,증류식소주,3021200008,853,롯데)진한처음처럼1.8L,1400
주류,소주,증류식소주,3021200009,854,롯데부드러운처음처럼360ML(PET),1100
주류,소주,증류식소주,3021200010,855,롯데부드러운처음처럼1.8L,1700
주류,맥주,국내맥주,3021200011,856,롯데클라우드(캔)355ML,1800
주류,맥주,국내맥주,3021200012,857,롯데클라우드(캔)500ML,1600
주류,소주,증류식소주,3021200013,858,롯데부드러운처음처럼360ML(병),1200
주류,와인,스파클링와인,3021200014,859,롯데주류스펠세이세코,900
주류,전통주,청주,3021200015,860,롯데)백화수복,1200
주류,소주,증류식소주,3021200016,861,롯데)부드러운처음처럼PET1L,800
주류,기타주류,칵테일,3031200018,862,(신)롯데처음처럼순하리복숭아360ML,1600
주류,소주,증류식소주,3031200019,863,(신)롯데처음처럼순한360ML,1600
주류,전통주,청주,3031200020,864,(신)롯데청하300ML,1300
유제품,우유,가공우유,3050800001,865,롯데가나초콜릿밀크,1900
주류,맥주,수입맥주,3051200002,866,롯데)밀러(캔)473ML,1000
주류,소주,증류식소주,3051200003,867,처음처럼포켓200ML,1100
주류,기타주류,칵테일,3051200004,868,롯데칠성순하리유자360ML,1600
주류,기타주류,칵테일,3051200005,869,롯데순하리소다톡355ML,1900
유제품,요구르트,떠먹는 요구르트,3060800001,870,롯데푸드)파스퇴르바른목장알로에85G,900
유제품,버터,무염버터,3060800002,871,롯데푸드파스퇴르홈버터,1100
유제품,요구르트,마시는 요구르트,3060800003,872,롯데푸드파스퇴르쾌변피쉬콜라겐,1200
유제품,우유,가공우유,3060800004,873,가나초콜릿밀크300ML,1100
유제품,요구르트,마시는 요구르트,3060800005,874,롯데푸드파스퇴르바른목장요구르트100ML,800
유제품,치즈,체다치즈,3150800001,875,르몽드체다치즈90G,1400
의약외품,위생용품,렌즈관리용품,3211000001,876,리뉴후래쉬60ML-1118입고,1900
의약외품,구강용품,구강청정제,3291000001,877,리스테린내추럴시트러스750ML,1700
유제품,요구르트,마시는 요구르트,3690800001,878,매일바이오드링킹요커트플레인,1300
유제품,요구르트,떠먹는 요구르트,3690800002,879,매일유업 바이오 달지않은 플레인450G,800
유제품,요구르트,떠먹는 요구르트,3690800003,880,매일유업)바이오 프로바이오틱 생크림 요거트 유자80G,1400
유제품,요구르트,떠먹는 요구르트,3690800004,881,매일유업)바이오 프로바이오틱 생크림 요거크 플래인80G,800
유제품,우유,일반우유,3690800005,882,매일상하목장유기농우유저지방2%,1900
유제품,요구르트,떠먹는 요구르트,3690800006,883,매일바이오플레인스위트,1500
유제품,요구르트,떠먹는 요구르트,3690800007,884,매일바이오딸기요거트,1700
유제품,버터,가염버터,3690800008,885,매일 루어팍가염버터250G,1700
유제품,치즈,까망베르치즈,3690800009,886,매일 카스텔로까망베르125G,1900
유제품,요구르트,마시는 요구르트,3690800010,887,매일피크닉청포도,1000
유제품,우유,가공우유,3690800011,888,매일아몬드브리즈뉴트리플러스프로틴,800
유제품,요구르트,마시는 요구르트,3690800012,889,매일썬업그린(과일야채샐러드),1200
유제품,치즈,까망베르치즈,3690800013,890,매일유업)까망베르자연치즈100G,1700
유제품,치즈,생치즈,3690800014,891,매일유업)브리자연치즈100G,1900
유제품,치즈,체다치즈,3690800015,892,매일유업)수제고다치즈상하농원100G,1200
유제품,요구르트,떠먹는 요구르트,3690800016,893,매일유업)바이오달지않은플레인요거트900G,1500
유제품,우유,일반우유,3690800017,894,매일유업)슬로우밀크저지방180ML,1500
유제품,요구르트,마시는 요구르트,3690800018,895,매일바이오드링킹요거트블루베리,1000
유제품,버터,무염버터,3690800019,896,매일유업)알라무엽버터400G,1800
유제품,버터,무염버터,3690800020,897,매일유업)루어팍 무염버터250G,1000
유제품,치즈,크림치즈,3690800021,898,매일유업)아리아크림치즈-유크림120G,900
유제품,치즈,크림치즈,3690800022,899,매일유업)아리아네츄럴크림치즈150G,1000
유제품,치즈,체다치즈,3690800023,900,매일유업)상하치즈체다슬라이스500G,1700
유제품,우유,가공우유,3690800024,901,매일유업)유기농코코아우유125ML,1400
유제품,우유,가공우유,3690800025,902,매일유업)유기농바나나우유125ML,800
유제품,우유,일반우유,3690800026,903,매일유업)유기농우유125ML,1500
유제품,요구르트,마시는 요구르트,3690800027,904,매일바이오드링킹요거트매실푸룬,1100
유제품,요구르트,떠먹는 요구르트,3690800028,905,매일바이오백도요거트,1900
유제품,요구르트,떠먹는 요구르트,3690800029,906,매일바이오블루베리요거트,900
유제품,요구르트,마시는 요구르트,3690800030,907,매일바이오화이버&칼슘,1500
의약외품,유아용품,유아양기저귀,3701000001,908,매직팬티컴포트,1400
의약외품,건강보조식품,비타민/미네랄,3721000001,909,매크로통상)LEON레옹비타민C레몬젤리80G,1700
의약외품,위생용품,바디보습,3811000001,910,맨소래덤아시아퍼시픽)멘소래담마사지롤온로션50ML,1100
의약외품,위생용품,밴드류,3851000001,911,메디코리아 초이스엘표준형밴드50매,1700
의약외품,위생용품,밴드류,3851000002,912,메디코리아 초이스엘혼합형밴드50매,1500
의약외품,위생용품,밴드류,3851000003,913,메디코리아)초이스엘메디고탄력밴드에이36매,800
의약외품,위생용품,밴드류,3851000004,914,메디코리아)초이스엘투명밴드방수용혼합형13매,1500
의약외품,위생용품,밴드류,3851000005,915,메디코리아)초이스엘쿠션방수밴드16매,1100
의약외품,위생용품,밴드류,3851000006,916,메디코리아)초이스엘하이드로콜로이드메디덤밴드대형2매,1000
의약외품,위생용품,밴드류,3851000007,917,메디코리아)초이스엘드레싱밴드중형12매,1500
의약외품,위생용품,콘돔,4261000001,918,바른생각익스트림에어핏,900
의약외품,위생용품,콘돔,4261000002,919,바른생각베스트셀러콘돔3종세트,1900
의약외품,위생용품,렌즈관리용품,4301000001,920,바슈롬)리뉴후레쉬,1400
의약외품,위생용품,콘돔,4391000001,921,아우성슬림3매,800
의약외품,제습/탈취,탈취제,4611000001,922,벤텍스헬시크린리프레셔(향균스프레이),900
의약외품,기능성음료,숙취해소음료,4651000001,923,보고신약)우루에스+메가센타S,1600
의약외품,기능성음료,숙취해소음료,4651000002,924,보고신약)노니메이트100ML,1500
면류,봉지면,국물봉지라면,4670300002,925,보라티알)시금치맛페투치네,1800
의약외품,구강용품,치약,4881000001,926,부광 안티프라그 치약,1800
의약외품,구강용품,치약,4891000001,927,부광약품시린메드에프치약,900
의약외품,위생용품,임신/배란테스트기,5081000001,928,브랜즈홀딩스)개인용체외진단검사시약2갑,1400
의약외품,위생용품,임신/배란테스트기,5081000002,929,브랜즈홀딩스)개인용체외진단검사시약1갑,1100
면류,봉지면,국물봉지라면,5800300001,930,삼경에프에스)삿포로라멘미소5개입,1600
면류,봉지면,국물봉지라면,5860300001,931,삼색동물원파스타,1200
면류,봉지면,국물봉지라면,5870300001,932,삼색러브파스타,1000
면류,봉지면,국물봉지라면,5940300003,933,삼양)나가사끼짬뽕115G,1100
면류,봉지면,국물봉지라면,5940300004,934,삼양)삼양라면매운맛120G,900
면류,봉지면,비빔봉지라면,5940300005,935,삼양)불닭볶음탕면120G,1800
면류,봉지면,비빔봉지라면,5940300006,936,삼양)쫄볶이불닭볶음면120G,1600
면류,봉지면,국물봉지라면,5940300007,937,삼양)삼양라면매운맛110G,1000
면류,봉지면,국물봉지라면,5940300008,938,삼양)쇠고기면120G,1700
면류,봉지면,국물봉지라면,5940300009,939,삼양)삼양라면골드120G,1500
면류,봉지면,국물봉지라면,5940300010,940,삼양)나가사끼짬뽕,1700
면류,봉지면,비빔봉지라면,5960300001,941,삼양 미트스파게티 불닭볶음면 110G,1900
면류,봉지면,비빔봉지라면,5960300002,942,삼양 짜장 불닭볶음면 105G,1200
면류,용기면,비빔용기라면,5960300003,943,삼양 크림까르보불닭볶음면큰컵 120G,1900
면류,용기면,비빔용기라면,5960300004,944,삼양)까르보불닭볶음면큰컵105G,1400
면류,봉지면,국물봉지라면,5960300005,945,삼양식품 초마짬뽕4개입번들 500G,1100
면류,용기면,비빔용기라면,5960300006,946,삼양)치즈불닭볶음면큰컵105G,1200
면류,봉지면,국물봉지라면,5960300007,947,삼양)삼양라면120G(봉지),1400
면류,봉지면,국물봉지라면,5960300008,948,삼양맛있는라면,900
면류,봉지면,비빔봉지라면,5960300009,949,삼양)짜짜로니140G(봉지),1200
면류,봉지면,국물봉지라면,5960300010,950,삼양)손칼국수100G(봉지),1100
면류,봉지면,비빔봉지라면,5960300011,951,삼양식품)맛이차이나짜장면,900
면류,봉지면,비빔봉지라면,5960300012,952,삼양불닭볶음면140G(봉),1800
면류,봉지면,국물봉지라면,5960300013,953,삼양라면110g,1600
면류,용기면,비빔용기라면,5960300014,954,삼양큰컵불닭볶음면105G,1700
면류,봉지면,비빔봉지라면,5960300015,955,삼양치즈불닭볶음면(봉지)140G,1100
면류,봉지면,비빔봉지라면,5960300016,956,삼양)까르보불닭볶음면(낱개)130g,800
면류,봉지면,비빔봉지라면,5960300017,957,삼양크림까르보불닭볶음면(봉지)130G,1900
면류,봉지면,비빔봉지라면,5960300018,958,삼양식품맛이차이나짜장면140G,1900
면류,봉지면,국물봉지라면,6130300001,959,샘표잔치국수89G,1800
의약외품,위생용품,밴드류,6331000001,960,테라스킨러버덕아쿠아밴드,1800
의약외품,위생용품,밴드류,6331000002,961,테라스킨탄력밴드혼합형14매,1800
면류,봉지면,국물봉지라면,6670300001,962,성풍양행)블루엘리펀트쿠킹세트팟타이누들,1200
면류,용기면,국물용기라면,6790300001,963,세진식품)시카고컵당면매콤한맛180G,800
면류,용기면,비빔용기라면,6790300002,964,세진식품)시카고컵당면궁중요리맛180G,1200
의약외품,위생용품,바디보습,6801000001,965,세청인터네셔널페트롤리움젤리,1800
의약외품,생리용품,팬티라이너,6901000001,966,소피바디피트천연코튼팬티라이너라벤더,1300
의약외품,위생용품,위생솜/거즈,7831000001,967,신한제약가디언가아제10cm*10cm*8겹,1700
의약외품,위생용품,밴드류,8031000001,968,쓰리엠 넥스케어 1회용반창고 숨쉬는방수밴드투명중형 20매,1400
의약외품,위생용품,밴드류,8031000002,969,쓰리엠 넥스케어블레미쉬클리어커버28매입,800
의약외품,위생용품,밴드류,8031000003,970,쓰리엠 넥스케어 컴포트탄력밴드 10매중형,1400
의약외품,구강용품,치약,8251000011,971,아모레)메디안 덴탈화이트 플러스 미백치약 푸르터향,1700
의약외품,구강용품,치약,8251000012,972,아모레)메디안 덴탈화이트 플러스 미백치약 스피아향,800
의약외품,구강용품,치약,8251000013,973,아모레퍼시픽)메디안치석오리지널치약120G,1000
의약외품,구강용품,치약,8251000014,974,아모레퍼시픽메디안 덴탈솔루션치약,1000
의약외품,구강용품,치약,8251000015,975,아모레)송천염치약150G,1300
의약외품,위생용품,밴드류,8491000001,976,아텍스더밴드키즈밴드,1300
의약외품,위생용품,밴드류,8590600043,977,애경)2080 진지발리스K 오리지널,1700
의약외품,유아용품,유아/아동용치약,8591000001,978,애경2080 키즈3 스텝치약 베리믹스향,1400
의약외품,구강용품,치약,8591000002,979,애경2080진지발리스120G,1200
의약외품,구강용품,치약,8591000003,980,애경)2080 진지발리스K 허벌민트,1500
의약외품,구강용품,치약,8591000004,981,애경2080시그네처150G,1500
의약외품,구강용품,치약,8601000001,982,2080퓨어솔트치약핑크민트향160G,1100
의약외품,위생용품,치약,8601000002,983,2080시그니처토탈블루,1500
의약외품,구강용품,치약,8601000003,984,2080퓨어솔트치약크리스탈민트향160G,1200
의약외품,위생용품,밴드류,8771000001,985,에버레이드후렉스밴드,1800
의약외품,위생용품,밴드류,8771000002,986,에버레이드)메디힐에이제로샷스킨드레싱패치80패치,1200
면류,봉지면,국물봉지라면,8870300001,987,에스씨코리아 우육면200G,800
면류,봉지면,국물봉지라면,8870300002,988,에스씨코리아)마라우육미엔,1000
의약외품,위생용품,핸드워시/손세정제,9251000001,989,(주)에프에이해피홈알콜스왑,1900
의약외품,위생용품,밴드류,9251000002,990,(주)에프에이해피홈압박용밴드,1000
의약외품,구강용품,치약,9411000001,991,LG생활건강)페리오토탈7오리지널어드밴스치약120G,1000
면류,봉지면,국물봉지라면,9450300001,992,엠디에스코리아아라비아따파스타,1700
면류,봉지면,비빔봉지라면,9450300002,993,엠디에스코리아베이컨까르보나라파스타,1500
면류,용기면,국물용기라면,9750300001,994,오뚜기참깨라면(컵),1000
면류,용기면,국물용기라면,9750300002,995,오뚜기)컵누들김치쌀국수34.8G,1100
면류,용기면,국물용기라면,9750300003,996,오뚜기컵누들매콤37.8G,1100
면류,봉지면,국물봉지라면,9750300004,997,오뚜기 떡라면 140G,1000
면류,용기면,국물용기라면,9750300005,998,오뚜기 컵누들 팟타이쌀국수 50G,1800
면류,용기면,비빔용기라면,9750300006,999,오뚜기 컵누들 마라볶음쌀국수 48G,1100